hotel,rank,price,hotel_star,address,extended_address,number_of_review,overall_star_of_review,keywords
EVEN Hotel New York - Midtown East,#52 of 479 Hotels in New York City,219,4 Star Hotel,219 E 44th St,"New York City, NY 10017-4305",640 reviews,45,"['All reviews', 'yoga mat', 'workout equipment', 'grand central station', 'conscious hotel', 'wellness hotel', 'ping pong table', 'body wash', 'new york', 'great hotel', 'great gym', 'chrysler building', 'modern hotel', 'comfortable bed', 'hotel experience', 'great shower', 'fitness center', 'bathroom door']"
"The Standard, East Village",#161 of 479 Hotels in New York City,360,4 Star Hotel,25 Cooper Sq,"New York City, NY 10003-7107",768 reviews,45,"['All reviews', 'the penthouse', 'astor place', 'cooper square', 'corner king room', 'standard highline', 'new york', 'floor to ceiling windows', 'hip hotel', 'the high line', 'every staff member', 'the entire staff', 'lower east side', 'high floor', 'rooms are small', 'mini bar', 'loved this hotel', 'an upgrade']"
Holiday Inn Express Manhattan Times Square South,#233 of 479 Hotels in New York City,198,3 Star Hotel,60 West 36th Street & 6th Ave,"New York City, NY 10018-8039","1,283 reviews",45,"['All reviews', 'the empire state building', 'herald square', 'hi express', 'penn station', 'times square', 'great location', 'new york', 'free breakfast', 'the breakfast area', 'yogurt', 'hot breakfast', 'walking distance', 'around the corner', 'would stay here again', 'rooms are small', 'front desk staff', 'clean hotel']"
Crowne Plaza HY36 Midtown Manhattan,#29 of 479 Hotels in New York City,209,4 Star Hotel,320 W 36th St,"New York City, NY 10018-7598",432 reviews,45,"['All reviews', 'penn station', 'hudson yards', 'loved the modern decor', 'breakfast vouchers', 'times square', 'new york', 'spacious shower', 'drink vouchers', 'javits center', 'front desk staff', 'pleasure of staying', 'madison square garden', 'midtown manhattan', 'the high line', 'major attractions', 'ironing board', 'walk in shower']"
Hotel Indigo Lower East Side New York,#95 of 479 Hotels in New York City,239,4 Star Hotel,171 Ludlow Street,"New York City, NY 10002-1501",880 reviews,45,"['All reviews', 'rooftop bar', ""katz's deli"", 'floor lobby', 'purple bar', 'russ and daughters', 'freedom tower', 'new york', 'east village', 'bars and restaurants', 'nyc skyline', 'hotel guests', 'cool hotel', 'floor to ceiling windows', 'hotel bar', 'great neighborhood', 'the penthouse', 'brooklyn bridge']"
The Time New York,#86 of 479 Hotels in New York City,215,4 Star Hotel,224 W 49th St,"New York City, NY 10019-7405",772 reviews,45,"['All reviews', 'tv in the mirror', 'book of mormon', 'lobby ambassador', 'superior suite', 'times square', 'new york', 'serafina restaurant', 'free wine and cheese', 'the theater district', 'broadway show', 'perfect location', 'special thanks', 'around the corner', 'amazing hotel', 'boutique hotel', 'bottle of champagne', 'home away from home']"
Royalton Park Avenue,#158 of 479 Hotels in New York City,275,4 Star Hotel,420 Park Avenue South,29th Street Main Entrance,"2,552 reviews",45,"['All reviews', 'rooftop pool', 'gansevoort hotel', 'exhale spa', 'grand deluxe room', 'new york', 'the empire state building', 'trendy hotel', 'hotel guests', 'amazing hotel', 'union square', 'mini bar', 'nyc hotel', 'by nyc standards', 'location was perfect', 'subway station', 'times square', 'concierge']"
The Lucerne Hotel,#170 of 479 Hotels in New York City,202,4 Star Hotel,201 West 79th Street,"New York City, NY 10024-6200","2,539 reviews",45,"['All reviews', 'upper west side', 'museum of natural history', 'central park', 'amsterdam avenue', 'nice martin', 'new york', 'lincoln center', 'queen suite', 'attached restaurant', 'great neighborhood', 'subway line', 'two blocks', 'times square', 'wonderful hotel', 'coffee maker', 'business center', 'hudson river']"
Innside by Melia New York NoMad,#125 of 479 Hotels in New York City,219,4 Star Hotel,132 W 27th St,"New York City, NY 10001-6202","2,311 reviews",45,"['All reviews', 'nespresso machine', 'new york', 'complimentary beverages', 'great hotel', 'frosted glass', 'modern hotel', 'penn station', 'mini bar', 'view of the empire state building', 'the high line', 'walking distance', 'loved this hotel', 'madison square garden', 'nyc hotel', 'times square', 'location was perfect', 'few blocks']"
"The Bernic Hotel New York City, Tapestry Collection by Hilton",#57 of 479 Hotels in New York City,251,4 Star Hotel,145 E 47th St,"New York City, NY 10017-2007",431 reviews,45,"['All reviews', 'nespresso machine', 'heated floors', 'apple tv', 'balcony room', 'david lopez', 'front desk', 'new york', 'boutique hotel', 'small balcony', 'grand central station', 'rooftop bar', 'the general manager', 'comfortable bed', 'the penthouse', 'great shower', 'great boutique', 'a great stay']"
The Westin New York Grand Central,#247 of 479 Hotels in New York City,379,4 Star Hotel,212 East 42nd Street,Between 2nd Ave and 3rd Ave,"4,067 reviews",40,"['All reviews', 'chrysler building', 'great location', 'new york', 'heavenly bed', 'times square', 'spg member', 'corner room', 'mini bar', 'good size', 'bryant park', 'late check', 'high floor', 'two blocks', 'housekeeping staff', 'street noise', 'two double beds', 'by nyc standards']"
The Marlton Hotel,#157 of 479 Hotels in New York City,245,4 Star Hotel,5 W 8th St,"New York City, NY 10011-9099",682 reviews,45,"['All reviews', 'washington square park', 'greenwich village', 'rooms are small', 'avocado toast', 'espresso bar', 'new york', 'cozy lobby', 'modern touches', 'charming hotel', 'free continental breakfast', 'lounge area', 'hotel guests', 'appointed rooms', 'queen room', 'bars and restaurants', 'mini bar', 'great shower']"
Conrad New York,#26 of 479 Hotels in New York City,296,5 Star Hotel,102 North End Avenue,"New York City, NY 10282-1238","3,728 reviews",45,"['All reviews', 'battery park', 'hudson river', 'brookfield place', 'shake shack', 'rooftop bar', 'blue smoke', 'statue of liberty', 'lower manhattan', 'goldman sachs', 'the financial district', 'new york', 'nespresso machine', 'chambers street', 'world trade center', 'freedom tower', 'bagel shop', 'huge shower']"
Staybridge Suites Times Square - New York City,#195 of 479 Hotels in New York City,216,3 Star Hotel,340 West 40th Street,"New York City, NY 10018-1404","6,066 reviews",45,"['All reviews', 'port authority', 'parole office', 'times square', 'free laundry', 'new york', 'full size fridge', 'fridge freezer', 'stove top', 'bus station', 'small kitchen', 'never felt unsafe', 'the breakfast area', 'bagels', 'complimentary breakfast', 'lower floor', ""hell's kitchen"", 'few blocks']"
Cambria Hotel New York - Chelsea,#58 of 479 Hotels in New York City,183,3 Star Hotel,123 W 28th Street,"New York City, NY 10001-6120","1,096 reviews",45,"['All reviews', 'flower district', 'rooftop bar', 'penn station', 'new york', 'great hotel', 'huge tv', 'madison square garden', 'freedom tower', 'times square', 'two queen beds', 'fridge and microwave', 'walking distance', 'would definitely stay here again', 'few blocks', 'the room was nice', 'convenient location', 'the empire state building']"
The Gotham Hotel,#253 of 479 Hotels in New York City,247,4 Star Hotel,16 E 46th St,Between Fifth Ave and Madison Ave,920 reviews,40,"['All reviews', 'skyline room', 'small balcony', 'balcony door', 'new york', 'times square', 'boutique hotel', 'grand central station', 'small hotel', 'great boutique', 'rain shower', 'the air conditioning', 'fifth avenue', 'higher floor', 'comfy bed', 'rockefeller center', 'junior suite', 'midtown manhattan']"
Omni Berkshire Place,#116 of 479 Hotels in New York City,242,4 Star Hotel,21 E 52nd St,at Madison Ave,"4,370 reviews",45,"['All reviews', 'select guest', 'loyalty program', 'central park', 'great location', 'new york', 'rockefeller center', 'madison ave', ""patrick's cathedral"", 'times square', 'free wifi', 'each morning', 'concierge staff', 'turn down service', 'midtown location', 'wonderful hotel', 'by nyc standards', 'around the corner']"
Hilton Garden Inn New York/Manhattan-Chelsea,#235 of 479 Hotels in New York City,259,3 Star Hotel,121 West 28th Street,"New York City, NY 10001-6102","2,209 reviews",40,"['All reviews', 'flower district', 'penn station', 'new york', 'times square', 'microwave and fridge', 'madison square garden', 'two queen beds', 'hotel is located', 'convenient location', 'would definitely stay here again', 'business center', 'front desk staff', 'empire state building', 'few blocks', 'the high line', 'city view', 'street noise']"
NOMO SOHO Hotel,#269 of 479 Hotels in New York City,266,4 Star Hotel,9 Crosby Street,"New York City, NY 10013","1,333 reviews",40,"['All reviews', 'crosby street', 'new york', 'floor to ceiling windows', 'cool hotel', 'room service', 'brooklyn bridge', 'concierge service', 'rooms are small', 'corner room', 'lower manhattan', 'amazing hotel', 'higher floor', 'the location is perfect', 'mondrian', 'isaiah', 'nyc', 'hip']"
The Roger,#142 of 479 Hotels in New York City,269,4 Star Hotel,131 Madison Ave,At 31st Street,"3,633 reviews",45,"['All reviews', 'new york', 'boutique hotel', 'terrace room', 'the empire state building', 'madison avenue', 'great boutique', 'wine hour', 'the penthouse', 'business trip', 'mini bar', 'enjoyed my stay', 'location was perfect', 'penn station', 'rooms are small', 'times square', 'central park', 'lobby']"
Crowne Plaza Times Square Manhattan,#223 of 479 Hotels in New York City,210,4 Star Hotel,1605 Broadway,between 48th and 49th Street,"10,569 reviews",40,"['All reviews', 'times square', 'sandra esp', 'great location', 'new york', 'priority club', 'corner room', 'hudson river', 'busy hotel', 'hotel bar', 'broadway show', 'central location', 'big apple', 'two double beds', 'high floor', 'rockefeller center', 'ihg', 'concierge']"
SpringHill Suites New York Midtown Manhattan/Fifth Avenue,#185 of 479 Hotels in New York City,249,3 Star Hotel,25 W 37th St,"New York City, NY 10018-6224","1,101 reviews",45,"['All reviews', 'the empire state building', 'bryant park', 'great location', 'times square', 'the breakfast area', 'new york', 'bagels', 'free breakfast', 'frosted glass', 'herald square', 'would stay here again', 'penn station', 'bathroom door', 'front desk staff', 'few blocks', 'fifth avenue', 'midtown manhattan']"
Avalon Hotel,#180 of 479 Hotels in New York City,185,4 Star Hotel,16 East 32nd Street,"New York City, NY 10016-5402","1,872 reviews",45,"['All reviews', 'junior suite', 'the empire state building', 'new york', 'korea town', 'penn station', 'sofa bed', 'sitting area', 'free coffee', 'around the corner', 'smoking room', 'continental breakfast', 'big room', 'times square', 'mini bar', 'central location', 'beds were very comfortable', 'excellent location']"
Wolcott Hotel,#244 of 479 Hotels in New York City,195,2 Star Hotel,4 West 31st Street,Between 5th Avenue & Broadway,"2,571 reviews",40,"['All reviews', 'the empire state building', 'triple room', 'free coffee and muffins', 'new york', 'great location', 'every morning', 'dunkin donuts', 'penn station', 'times square', 'budget hotel', 'beautiful lobby', 'around the corner', 'herald square', 'central location', 'two blocks', 'midtown manhattan', 'street noise']"
Refinery Hotel,#31 of 479 Hotels in New York City,,5 Star Hotel,63 West 38th Street,"New York City, NY 10018-3818","4,637 reviews",45,"['All reviews', 'rooftop bar', 'parker quinn', 'bryant park', 'hat factory', 'the empire state building', 'cupcakes', 'new york', 'magnolia bakery', 'great hotel', 'live jazz', 'fashion district', 'boutique hotel', 'hotel guests', 'times square', 'comfortable beds', 'street noise', 'definitely stay here again']"
Courtyard by Marriott New York Manhattan/Central Park,#249 of 479 Hotels in New York City,314,3 Star Hotel,1717 Broadway,"New York City, NY 10019-5214","1,376 reviews",40,"['All reviews', 'central park', 'corner room', 'tallest hotel', 'times square', 'great location', 'fourth floor', 'new york', 'floor to ceiling windows', 'floor lounge', 'city view', 'columbus circle', 'starbucks coffee', 'rooms are small', 'carnegie hall', 'the upper floors', 'few blocks', 'lincoln center']"
Residence Inn New York Downtown Manhattan/World Trade Center Area,#77 of 479 Hotels in New York City,287,3 Star Hotel,170 Broadway,At 4 Maiden Lane Adjacent To The Gap,767 reviews,45,"['All reviews', 'maiden lane', 'wall street', 'battery park', 'fulton street subway', 'the financial district', 'executive studio', 'one world observatory', 'charging bull', 'statue of liberty', 'wtc memorial', 'free breakfast', 'new york', 'full size fridge', 'the breakfast area', 'downtown manhattan', 'freedom tower', 'stove top']"
"The Pierre, A Taj Hotel, New York",#22 of 479 Hotels in New York City,506,5 Star Hotel,2 East 61st Street at Fifth Avenue,"New York City, NY 10065","1,997 reviews",45,"['All reviews', 'elevator attendants', 'central park', 'elevator operator', 'new york', 'room service', 'elegant hotel', 'four seasons', 'five star hotel', 'fifth avenue', 'park view', 'upper east side', 'concierge desk', 'turn down service', 'bottle of champagne', 'housekeeping staff', 'the location is perfect', 'nyc hotel']"
"Mandarin Oriental, New York",#76 of 479 Hotels in New York City,895,5 Star Hotel,80 Columbus Circle at 60th Street,"New York City, NY 10023-5800","1,613 reviews",45,"['All reviews', 'columbus circle', 'lobby lounge', 'time warner center', 'central park', 'asiate restaurant', 'mo nyc', 'hudson river', 'hudson view room', 'new york', 'four seasons', 'trump hotel', 'room service', 'whole foods', 'park view', 'in room dining', 'floor to ceiling windows', 'turn down service']"
Kitano New York,#126 of 479 Hotels in New York City,449,4 Star Hotel,66 Park Ave,At 38th Street,"1,263 reviews",45,"['All reviews', 'park avenue', 'grand central station', 'jazz club', 'japanese toilet', 'heated seat', 'on a non smoking floor', 'new york', 'the empire state building', 'live jazz', 'murray hill', 'few blocks', 'quiet hotel', 'times square', 'mini bar', 'corner room', 'fifth avenue', 'street noise']"
West 57th Street by Hilton Club,#70 of 479 Hotels in New York City,737,4 Star Hotel,102 W 57th St,"New York City, NY 10019-3302","1,526 reviews",45,"['All reviews', 'carnegie hall', 'time share', 'owners lounge', 'central park', 'the russian tea room', 'grand vacation', 'sales presentation', 'great location', 'new york', 'two blocks', 'studio room', 'times square', 'lincoln center', 'within walking distance', 'columbus circle', 'the penthouse', 'home away from home']"
Holiday Inn Express Manhattan Midtown West,#275 of 479 Hotels in New York City,174,3 Star Hotel,538 W 48th St,"New York City, NY 10036-1102","1,207 reviews",40,"['All reviews', ""hell's kitchen"", 'times square', 'hi express', 'new york', 'the breakfast area', 'west side', 'minute walk', 'free breakfast', 'the nearest subway station', 'yogurt', 'few blocks', 'hot breakfast', 'rooms are small', 'breakfast staff', 'hotel is located', 'each morning', 'would stay again']"
Hilton Times Square,#119 of 479 Hotels in New York City,256,4 Star Hotel,234 West 42nd Street,"New York City, NY 10036-7215","7,500 reviews",45,"['All reviews', 'times square', 'raquel ortiz', 'great location', 'new york', 'street entrance', 'the empire state building', 'diamond member', 'freedom tower', 'corner room', 'port authority', 'hudson river', 'high floor', 'room was large', 'statue of liberty', 'subway station', 'the theater district', 'big apple']"
The Sherry-Netherland Hotel,#11 of 479 Hotels in New York City,359,4 Star Hotel,781 Fifth Avenue,At 59th Street,761 reviews,50,"['All reviews', 'harry cipriani', 'central park', 'elevator operator', 'cipriani restaurant', 'city view suite', 'apple store', 'elevator attendants', 'new york', 'plaza hotel', 'fifth avenue', 'room service', 'interior room', 'home away from home', 'beautiful hotel', 'upper east side', 'beautiful room', 'hotel guests']"
NYLO New York City,#188 of 479 Hotels in New York City,240,4 Star Hotel,2178 Broadway,at W 77th Street,"6,258 reviews",40,"['All reviews', 'upper west side', 'central park', 'red farm', 'serafina restaurant', 'great location', 'beacon theater', 'new york', 'museum of natural history', 'lobby bar', 'lincoln center', 'two blocks', 'comfortable bed', 'hudson river', 'nyc hotel', 'subway station', 'rooms are small', 'times square']"
Hampton Inn Manhattan-Chelsea,#152 of 479 Hotels in New York City,169,3 Star Hotel,108 West 24th Street,"New York City, NY 10011-1902","2,086 reviews",45,"['All reviews', 'whole foods', 'great location', 'free breakfast', 'new york', 'flatiron building', 'madison square park', 'front desk staff', 'bagels', 'the breakfast area', 'the high line', 'two queen beds', 'fresh fruit', 'around the corner', 'city view', 'within walking distance', 'times square', 'penn station']"
EVEN Hotel New York - Midtown East,#52 of 479 Hotels in New York City,219,4 Star Hotel,219 E 44th St,"New York City, NY 10017-4305",640 reviews,45,"['All reviews', 'yoga mat', 'workout equipment', 'grand central station', 'conscious hotel', 'wellness hotel', 'ping pong table', 'body wash', 'new york', 'great hotel', 'great gym', 'chrysler building', 'modern hotel', 'comfortable bed', 'hotel experience', 'great shower', 'fitness center', 'bathroom door']"
The Kimberly Hotel,#18 of 479 Hotels in New York City,319,4 Star Hotel,145 East 50th Street,"New York City, NY 10022-9502","2,211 reviews",45,"['All reviews', 'one bedroom suite', 'rooftop bar', 'chrysler building', 'the penthouse', 'new york', 'rockefeller center', 'full kitchen', 'small kitchen', 'sitting room', 'pull out sofa', 'living area', 'door staff', 'around the corner', 'central park', 'king bed', 'wonderful hotel', 'boutique hotel']"
Hilton Garden Inn New York/Central Park South-Midtown West,#240 of 479 Hotels in New York City,178,3 Star Hotel,237 West 54th Street,"New York City, NY 10019-5589","2,944 reviews",40,"['All reviews', 'central park', 'empire steakhouse', 'great location', 'times square', 'new york', 'keurig coffee maker', 'columbus circle', 'attached restaurant', 'bathroom door', 'lincoln center', 'few blocks', 'carnegie hall', 'broadway theaters', 'lower floor', 'around the corner', 'rooms are small', 'business center']"
Hampton Inn Manhattan-35th St/Empire State Bldg,#177 of 479 Hotels in New York City,193,3 Star Hotel,59 W. 35th Street,"New York City, NY 10001-2202","2,397 reviews",40,"['All reviews', 'herald square', 'great location', 'times square', 'new york', 'penn station', 'free breakfast', 'empire state', 'the breakfast area', 'rooms are small', 'bagels', 'around the corner', 'front desk staff', 'would definitely stay here again', 'two double beds', 'street noise', 'central location', 'nyc hotel']"
The Bryant Park Hotel,#5 of 479 Hotels in New York City,345,4 Star Hotel,40 West 40th Street,"New York City, NY 10018-2602","4,014 reviews",45,"['All reviews', 'cellar bar', 'koi restaurant', 'molton brown products', 'darren sumner', 'skating rink', 'new york', 'junior suite', 'times square', 'free happy hour', 'the ny public library', 'park view', 'hardwood floors', 'huge bathroom', 'perfect location', 'hotel guests', 'turn down service', 'bottle of champagne']"
HGU New York,#194 of 479 Hotels in New York City,259,4 Star Hotel,34 E 32nd St,"New York City, NY 10016-5503",300 reviews,40,"['All reviews', 'boutique hotel', 'bigelow products', 'the empire state building', 'king suite', 'new york', 'lounge bar', 'large bed', 'cool vibe', 'the bed was extremely comfortable', 'walking distance', 'wonderful stay', 'complimentary coffee', 'lovely room', 'subway station', 'comfortable stay', 'hotel guests', 'excellent location']"
Novotel New York Times Square,#162 of 479 Hotels in New York City,213,4 Star Hotel,226 W 52nd Street,"New York City, NY 10019-5802","6,451 reviews",45,"['All reviews', 'times square', 'great location', 'new york', 'central park', 'street level', 'ball drop', 'good size', 'duane reade', 'modern hotel', 'hudson river', 'coffee machine', 'high floor', 'would highly recommend this hotel', 'two double beds', 'few blocks', 'rockefeller center', 'big apple']"
Radisson Martinique on Broadway,#260 of 479 Hotels in New York City,199,3 Star Hotel,49 West 32nd Street,"New York City, NY 10001-3811","5,056 reviews",40,"['All reviews', 'penn station', 'the empire state building', 'club carlson', 'great location', 'new york', 'korea town', 'times square', 'herald square', 'historic hotel', 'the penthouse', 'around the corner', 'door staff', 'coffee machine', 'central location', 'an upgrade', 'midtown manhattan', 'big apple']"
Hyatt Place New York Midtown South,#184 of 479 Hotels in New York City,429,3 Star Hotel,52 W 36th St # 54,"New York City, NY 10018-8029","2,234 reviews",40,"['All reviews', 'the empire state building', 'great location', 'herald square', 'free breakfast', 'new york', 'times square', 'penn station', 'good size', 'sofa bed', 'bryant park', 'around the corner', 'the breakfast area', 'would stay here again', 'higher floor', 'street noise', 'yogurt', 'central location']"
The Bowery Hotel,#35 of 479 Hotels in New York City,435,4 Star Hotel,335 Bowery,"New York City, NY 10003-7138",708 reviews,45,"['All reviews', 'east village', 'floor to ceiling windows', 'lower east side', 'corner room', 'new york', 'bar scene', 'hotel guests', 'room service', 'adjoining restaurant', 'king room', 'lobby lounge', 'hip hotel', 'hotel restaurant', 'rain shower', 'mini bar', 'favorite hotel', 'bars and restaurants']"
Fairfield Inn & Suites New York Manhattan/Times Square,#262 of 479 Hotels in New York City,250,3 Star Hotel,330 W 40th St,Between 8th Ave. & 9th Ave.,"2,079 reviews",40,"['All reviews', 'port authority', 'sky room', 'times square', 'parole office', 'starbucks coffee', 'the breakfast area', 'new york', 'bagels', 'free breakfast', 'bus station', 'javits center', 'rooftop bar', 'top floor', 'rooms are small', 'breakfast staff', 'front desk staff', ""hell's kitchen""]"
Dream Midtown,#205 of 479 Hotels in New York City,212,4 Star Hotel,210 W 55th St,"New York City, NY 10019-5467",604 reviews,40,"['All reviews', 'rooftop bar', 'central park', 'serafina restaurant', 'great location', 'front desk', 'new york', 'times square', 'awesome stay', 'hotel guests', 'rooms are small', 'amazing hotel', 'room service', 'broadway show', 'carnegie hall', 'walking distance', 'king room', 'columbus circle']"
Hilton Garden Inn Times Square,#167 of 479 Hotels in New York City,218,3 Star Hotel,790 Eighth Avenue,"New York City, NY 10019-7568","7,871 reviews",45,"['All reviews', 'times square', 'pigalle restaurant', 'great location', 'food emporium', 'new york', 'fire station', 'fridge and microwave', 'attached restaurant', 'central park', 'around the corner', 'the theater district', 'within walking distance', 'restaurant row', 'street noise', ""hell's kitchen"", 'higher floor', 'would definitely stay here again']"
"The Renwick Hotel New York City, Curio Collection by Hilton",#169 of 479 Hotels in New York City,266,4 Star Hotel,118 E 40th St,"New York City, NY 10016-1724","1,416 reviews",45,"['All reviews', 'grand central station', 'scott fitzgerald', 'front desk', 'new york', 'boutique hotel', 'bryant park', 'view of the empire state building', 'great boutique', 'cool hotel', 'around the corner', 'two blocks', 'room was spacious', 'small hotel', 'continental breakfast', 'enjoyed my stay', 'great room', 'times square']"
The Marmara Manhattan,#124 of 479 Hotels in New York City,250,3 Star Hotel,301 E 94th St,"New York City, NY 10128-4718","1,022 reviews",45,"['All reviews', 'full kitchen', 'upper east side', 'subway construction', 'one bedroom apartment', 'sinai hospital', 'living room', 'second avenue', 'central park', 'washer dryer', 'new york', 'museum mile', 'great apartment', 'extended stay', 'laundry facilities', 'home away from home', 'front desk staff', 'higher floor']"
The Bentley Hotel,#183 of 479 Hotels in New York City,186,4 Star Hotel,500 East 62nd Street,Between York Ave and FDR Drive,"4,438 reviews",40,"['All reviews', 'east river', 'queensboro bridge', 'sloan kettering', 'roosevelt island', 'fdr drive', 'new york', 'rooftop restaurant', 'nearest subway', 'the ritz', 'front desk staff', 'lobby bar', 'central park', 'junior suite', 'corner room', 'few blocks', 'street noise', 'times square']"
Ameritania Hotel,#137 of 479 Hotels in New York City,215,3 Star Hotel,230 West 54th Street,"New York City, NY 10019-5594","6,093 reviews",45,"['All reviews', 'central park', 'great location', 'times square', 'new york', 'door staff', 'free wifi', 'around the corner', 'few blocks', 'special thanks', 'would definitely stay here again', 'street noise', 'corner room', 'two double beds', 'small room', 'the theater district', 'big apple', 'subway station']"
Hotel Riu Plaza New York Times Square,#149 of 479 Hotels in New York City,242,4 Star Hotel,307 W 46th St,"New York City, NY 10036-3810","2,946 reviews",40,"['All reviews', 'frosted glass', 'times square', 'new york', 'great location', 'restaurant row', 'breakfast was included', 'grab and go', 'modern hotel', 'sliding door', 'family room', ""hell's kitchen"", 'mini fridge', 'high floor', 'sofa bed', 'central park', 'hudson river', 'late check']"
Carnegie Hotel,#63 of 479 Hotels in New York City,269,4 Star Hotel,160 W 56th St,"New York City, NY 10019-3866",165 reviews,45,"['All reviews', 'wine and cheese', 'yogurt', 'hour snacks', 'small hotel', 'boutique hotel', 'blocks from central park', 'continental breakfast', 'nice soft towels', 'night light', 'stayed nights here', 'great location', 'times square', 'super comfortable bed', 'stayed in a junior suite', 'new york', 'trump tower', 'clean hotel']"
"Club Quarters Hotel, Times Square -Midtown",#203 of 479 Hotels in New York City,179,4 Star Hotel,40 W 45th St,"New York City, NY 10036-4261","1,808 reviews",40,"['All reviews', 'great location', 'times square', 'new york', 'filtered water', 'rockefeller center', 'rooms are small', 'free coffee', 'lounge area', 'bed was comfortable', 'grand central station', 'standard room', 'air conditioner', 'bryant park', 'fifth avenue', 'few blocks', 'street noise', 'around the corner']"
Best Western Bowery Hanbee Hotel,#266 of 479 Hotels in New York City,188,3 Star Hotel,231 Grand St,"New York City, NY 10013-4246","1,396 reviews",40,"['All reviews', 'grand street', 'little italy', 'new york', 'bagels', 'make your own waffles', 'lower east side', 'free breakfast', 'east village', 'hard boiled eggs', 'the breakfast area', 'within walking distance', 'subway station', 'brooklyn bridge', 'hotel is located', 'king suite', 'front desk staff', 'good size']"
The Dominick Hotel,#129 of 479 Hotels in New York City,395,5 Star Hotel,246 Spring Street,"New York City, NY 10013-1521","3,319 reviews",45,"['All reviews', 'trump soho', 'trump hotel', 'spring street', 'new york', 'soho area', 'nespresso machine', 'hudson river', 'corner suite', 'in room dining', 'holland tunnel', 'floor to ceiling windows', 'room service', 'freedom tower', 'higher floor', 'turn down service', 'the empire state building', 'an upgrade']"
San Carlos Hotel,#66 of 479 Hotels in New York City,275,4 Star Hotel,150 East 50th Street,"New York City, NY 10022-9500","1,597 reviews",45,"['All reviews', 'yogurt', 'continental breakfast', 'new york', 'one bedroom suite', 'ess a bagel', 'rockefeller center', 'sofa bed', 'central park', 'free wifi', 'small kitchen', 'street noise', 'times square', 'within walking distance', 'fridge and microwave', 'living area', 'business center', 'large room']"
The Langham New York Fifth Avenue,#23 of 479 Hotels in New York City,545,5 Star Hotel,400 Fifth Avenue,"New York City, NY 10018-2753","2,494 reviews",45,"['All reviews', 'ai fiori', 'fifth avenue', 'the empire state building', 'house car', 'al fiori', 'tv in the mirror', 'new york', 'nespresso machine', 'washer and dryer', 'family suite', 'turn down service', 'five star hotel', 'huge bathroom', 'four seasons', 'full kitchen', 'fabulous hotel', 'bryant park']"
Trump International Hotel and Tower New York,#132 of 479 Hotels in New York City,583,5 Star Hotel,1 Central Park West,"New York City, NY 10023-7703","1,462 reviews",45,"['All reviews', 'columbus circle', 'jean georges', 'nougatine', 'central park', 'whole foods', 'park view suite', 'executive suite', 'full kitchen', 'time warner center', 'southwest corner', 'new york', 'room service', 'living room', 'small kitchen', 'lincoln center', 'turn down service', 'corner suite']"
The St. Regis New York,#59 of 479 Hotels in New York City,995,5 Star Hotel,"Two East 55th Street, at Fifth Avenue","New York City, NY 10022",890 reviews,45,"['All reviews', 'butler service', 'the king cole bar', 'astor court', 'personal butler', 'spg points', 'astor suite', 'new york', 'house car', 'chocolate covered strawberries', 'central park', 'modern amenities', 'an upgrade', 'living room', 'concierge team', 'gorgeous hotel', 'four seasons', 'room service']"
The James New York-NoMad,#358 of 479 Hotels in New York City,269,4 Star Hotel,22 E 29th St,At Madison Ave,207 reviews,40,"['All reviews', 'filtered water', 'highly recommend the james', 'wine cheese happy hour', 'coffee muffins', 'stay feel', 'welcoming lobby', 'lovely toiletries', 'building work', 'madison square park', 'new york', 'mini bar', 'sitting room', 'dining table', 'dunkin donuts', 'korea town', 'light switches', 'beautiful hotel']"
Hyatt Herald Square New York,#206 of 479 Hotels in New York City,239,4 Star Hotel,30 W 31st St,"New York City, NY 10001-4403","1,097 reviews",40,"['All reviews', 'rooftop bar', 'the empire state building', 'penn station', 'new york', 'korea town', 'rooms are small', 'storage space', 'holiday inn', 'modern hotel', 'convenient location', 'two blocks', 'early check', 'coffee maker', 'street noise', 'nyc hotels', 'times square', '31st']"
Dream Downtown,#179 of 479 Hotels in New York City,295,4 Star Hotel,355 West 16th Street,Near 9th Ave,"3,879 reviews",45,"['All reviews', 'chelsea market', 'meatpacking district', 'bodega negra', 'electric room', 'dream team', 'rooftop bar', 'the meat packing district', 'new york', 'trendy hotel', 'fun hotel', 'the high line', 'night life', 'guest services', 'amazing hotel', 'view of the empire state building', 'king room', 'rooms are small']"
Roger Smith Hotel,#108 of 479 Hotels in New York City,224,3 Star Hotel,501 Lexington Avenue,"New York City, NY 10017-2008","2,427 reviews",40,"['All reviews', 'yogurt', 'free apples', 'new york', 'lexington avenue', 'rooftop bar', 'grand central station', 'junior suite', 'an older hotel', 'home away from home', 'street noise', 'times square', 'midtown hotel', 'few blocks', 'chrysler building', 'excellent location', 'spacious room', 'convenient location']"
Holiday Inn Manhattan - Financial District,#259 of 479 Hotels in New York City,153,4 Star Hotel,99 Washington Street,"New York City, NY 10006-1805","1,598 reviews",40,"['All reviews', 'wall street', 'battery park', 'statue of liberty', 'rector street', 'trinity church', 'freedom tower', 'hudson river', 'world trade center', 'new york', 'memorial museum', 'staten island ferry', 'dunkin donuts', 'within walking distance', 'rooms are small', 'the upper floors', 'subway station', 'high floor']"
The Wagner at the Battery,#118 of 479 Hotels in New York City,239,5 Star Hotel,Two West Street,"New York City, NY 10004","2,441 reviews",45,"['All reviews', 'the ritz carlton', 'statue of liberty', 'battery park', 'club level', 'harbor view room', 'ellis island', 'wall street', 'new york', 'lower manhattan', 'the financial district', 'hudson river', 'room service', 'in room dining', 'quiet location', 'freedom tower', 'cupcakes', 'four seasons']"
Hampton Inn Manhattan-Times Square North,#192 of 479 Hotels in New York City,188,3 Star Hotel,851 8th Avenue,"New York City, NY 10019-6237","5,957 reviews",45,"['All reviews', 'central park', 'times square', 'free breakfast', 'great location', 'rite aid', 'new york', 'breakfast room', 'hot breakfast', 'yogurt', 'rockefeller center', 'few blocks', ""hell's kitchen"", 'two queen beds', 'broadway theaters', 'parking garage', 'subway station', 'room was large']"
Stewart Hotel,#182 of 479 Hotels in New York City,188,4 Star Hotel,371 Seventh Ave,"New York City, NY 10001-3984","6,155 reviews",40,"['All reviews', 'affinia manhattan', 'penn station', 'madison square garden', 'niles restaurant', 'front desk', 'new york', 'one bedroom suite', 'times square', 'wine hour', 'street noise', 'an upgrade', 'sofa bed', 'city that never sleeps', 'empire state building', 'light sleeper', 'central location', 'upon check']"
The Bryant Park Hotel,#5 of 479 Hotels in New York City,345,4 Star Hotel,40 West 40th Street,"New York City, NY 10018-2602","4,014 reviews",45,"['All reviews', 'cellar bar', 'koi restaurant', 'molton brown products', 'darren sumner', 'skating rink', 'new york', 'junior suite', 'times square', 'free happy hour', 'the ny public library', 'park view', 'hardwood floors', 'huge bathroom', 'perfect location', 'hotel guests', 'turn down service', 'bottle of champagne']"
Hampton Inn Manhattan / Times Square Central,#62 of 479 Hotels in New York City,209,3 Star Hotel,220 West 41st St.,"New York City, NY 10036-7203","2,336 reviews",45,"['All reviews', 'times square', 'great location', 'front desk', 'new york', 'free breakfast', 'breakfast room', 'breakfast staff', 'port authority', 'lower floor', 'yogurt', 'would definitely stay here again', 'city view', 'subway station', 'clean hotel', 'each morning', 'the theater district', 'bryant park']"
Hilton Garden Inn New York/Manhattan-Midtown East,#214 of 479 Hotels in New York City,234,3 Star Hotel,206 E 52nd St,"New York City, NY 10022-6201","1,420 reviews",40,"['All reviews', 'great location', 'new york', 'ess a bagel', 'two queen beds', 'city view', 'times square', 'walking distance', 'around the corner', 'central park', 'rooms are small', 'subway stop', 'clean hotel', 'definitely stay here again', 'mini fridge', 'few blocks', 'coffee machine', 'higher floor']"
The Westin New York at Times Square,#232 of 479 Hotels in New York City,294,4 Star Hotel,270 West 43rd Street,At 8th Avenue,"3,219 reviews",40,"['All reviews', 'times square', 'new york', 'great location', 'corner room', 'hudson river', 'port authority', 'an upgrade', 'higher floor', 'the theater district', 'mini bar', 'central location', 'great room', 'the empire state building', 'around the corner', 'big apple', 'street noise', 'subway station']"
Shelburne Hotel & Suites by Affinia,#193 of 479 Hotels in New York City,224,4 Star Hotel,303 Lexington Ave,"New York City, NY 10016-3165","5,169 reviews",45,"['All reviews', 'murray hill', 'rooftop bar', 'the empire state building', 'grand central station', 'rare bar and grill', ""scotty's diner"", 'pillow menu', 'new york', 'wine hour', 'one bedroom suite', 'lexington avenue', 'few blocks', 'small kitchen', 'times square', 'two queen beds', 'hotel restaurant', 'coffee maker']"
Novotel New York Times Square,#162 of 479 Hotels in New York City,213,4 Star Hotel,226 W 52nd Street,"New York City, NY 10019-5802","6,451 reviews",45,"['All reviews', 'times square', 'great location', 'new york', 'central park', 'street level', 'ball drop', 'good size', 'duane reade', 'modern hotel', 'hudson river', 'coffee machine', 'high floor', 'would highly recommend this hotel', 'two double beds', 'few blocks', 'rockefeller center', 'big apple']"
Room Mate Grace,#84 of 479 Hotels in New York City,194,3 Star Hotel,125 West 45th Street,"New York City, NY 10036-4004","1,364 reviews",45,"['All reviews', 'indoor pool', 'portable wifi', 'times square', 'swim up bar', 'recommend room', 'great location', 'new york', 'triple room', 'boutique hotel', 'literally a minute walk', 'huge shower', 'rooms are small', 'bunk beds', 'would definitely stay here again', 'good size', 'great amenities', 'check in was quick']"
Hyatt Centric Times Square New York,#67 of 479 Hotels in New York City,284,4 Star Hotel,135 West 45th Street,"New York City, NY 10036-4004","4,725 reviews",45,"['All reviews', 'rooftop bar', 'times square', 'great location', 'new york', 'heated floors', 'floor to ceiling windows', 'rain shower', 'high floor', 'modern hotel', 'freedom tower', 'chrysler building', 'big apple', 'hotel restaurant', 'broadway show', 'the theater district', 'bryant park', 'by nyc standards']"
Hampton Inn Manhattan - Madison Square Garden Area,#148 of 479 Hotels in New York City,195,3 Star Hotel,116 West 31st Street,"New York City, NY 10001-3401","2,146 reviews",40,"['All reviews', 'penn station', 'great location', 'new york', 'free breakfast', 'rooms are small', 'warm cookies', 'the breakfast area', 'yogurt', 'the empire state building', 'front desk staff', 'two double beds', 'would definitely stay here again', 'around the corner', 'would highly recommend this hotel', 'few blocks', 'central location', 'nyc hotels']"
Renaissance New York Times Square Hotel,#226 of 479 Hotels in New York City,280,4 Star Hotel,Two Times Square,714 Seventh Avenue at W. 48th Street,"2,559 reviews",45,"['All reviews', 'times square', 'great location', 'new york', 'marriott marquis', 'tkts booth', 'street level', 'concierge lounge', 'main lobby', 'broadway show', 'lounge area', 'rockefeller center', 'nice size', 'high floor', 'hotel bar', 'central park', 'subway station', 'big apple']"
The Premier Times Square by Millennium,#221 of 479 Hotels in New York City,217,4 Star Hotel,133 W 44th St,"New York City, NY 10036-4012",947 reviews,40,"['All reviews', 'times square', 'monique madison', 'continental breakfast', 'new york', 'cocktail hour', 'separate shower', 'bagels', 'hard boiled eggs', 'evening reception', 'fresh fruit', 'floor to ceiling windows', 'good size', 'nice amenities', 'broadway theaters', 'rooms are large', 'tea and coffee', 'the room was nice']"
InterContinental New York Times Square,#207 of 479 Hotels in New York City,304,5 Star Hotel,300 W 44th Street,"New York City, NY 10036-5419","6,002 reviews",45,"['All reviews', 'sky view room', 'times square', 'ambassador member', 'shake shack', 'new york', 'corner room', 'rain shower', 'subway entrance', 'higher floor', 'mini bar', 'hudson river', ""hell's kitchen"", 'late check', 'an upgrade', 'the theater district', 'around the corner', 'coffee machine']"
The High Line Hotel,#97 of 479 Hotels in New York City,329,4 Star Hotel,180 10th Ave,at 20th Street,720 reviews,45,"['All reviews', 'chelsea market', 'intelligentsia coffee', 'coffee bar in the lobby', 'complimentary bikes', 'new york', 'chelsea area', 'whitney museum', 'well stocked mini bar', 'deluxe king', 'charming hotel', 'small lobby', 'great neighborhood', 'favorite hotel', 'west side', 'hotel lobby', 'hotel guests', 'water pressure']"
Hilton Garden Inn New York/Tribeca,#201 of 479 Hotels in New York City,197,3 Star Hotel,39 Avenue of the Americas,"New York City, NY 10013-2201","1,571 reviews",40,"['All reviews', 'canal street', 'great location', 'holland tunnel', 'new york', 'subway station', 'greenwich village', 'easy access', 'lower manhattan', 'front desk staff', 'walking distance', 'fridge and microwave', 'financial district', 'good size', 'would definitely stay here again', 'business trip', 'battery park', 'business center']"
AKA Wall Street,#88 of 479 Hotels in New York City,365,4 Star Hotel,84 William St,"New York, NY",146 reviews,45,"['All reviews', 'the financial district', 'home away from home', 'full kitchen', 'federal grill', 'long stay', 'blue ribbon', 'rooftop lounge', 'federal reserve', 'spacious apartment', 'world trade', 'louise nevelson', 'limited housekeeping', 'quality towels', 'fulton street subway', 'business trip', 'stayed in times square', 'laundry room']"
Four Points by Sheraton Midtown - Times Square,#211 of 479 Hotels in New York City,180,3 Star Hotel,326 W 40th St,"New York City, NY 10018-1404","2,409 reviews",40,"['All reviews', 'port authority', 'parole office', 'chef alex', 'times square', 'new york', 'free bottled water', 'cupcakes', 'bus station', 'rooms are small', 'convenient location', 'few blocks', 'city view', ""hell's kitchen"", 'higher floor', 'free internet', 'king bed', 'decent size']"
Washington Square Hotel,#138 of 479 Hotels in New York City,329,3 Star Hotel,103 Waverly Place,"New York City, NY 10011-9194","1,594 reviews",40,"['All reviews', 'greenwich village', 'continental breakfast', 'waverly place', 'bob dylan', 'visiting nyu', 'bagels', 'great location', 'new york', 'rooms are small', 'art deco', 'deluxe room', 'fresh fruit', 'boutique hotel', 'brick wall', 'around the corner', 'lower manhattan', 'street noise']"
The Jewel facing Rockefeller Center,#69 of 479 Hotels in New York City,215,4 Star Hotel,11 West 51 Street,"New York City, NY 10019-6994","2,296 reviews",45,"['All reviews', 'rockefeller center', 'radio city music hall', 'purified water', 'terrace club', 'club quarters', 'great location', ""patrick's cathedral"", 'central park', 'new york', 'times square', 'sister hotel', 'living room', 'nbc studios', 'free wifi', 'coffee machine', 'top of the rock', 'fifth avenue']"
"Club Quarters Hotel, World Trade Center",#109 of 479 Hotels in New York City,188,4 Star Hotel,140 Washington St,"New York City, NY 10006-1071","1,728 reviews",45,"['All reviews', 'wtc memorial', 'the financial district', 'memorial pools', 'battery park', 'freedom tower', 'filtered water', 'rooftop restaurant', 'wall street', 'rector street', 'lower manhattan', 'new york', 'ground zero', 'construction site', 'statue of liberty', 'top floor', 'free coffee', 'great amenities']"
The Maritime Hotel,#74 of 479 Hotels in New York City,295,4 Star Hotel,363 W 16th St,"New York City, NY 10011-5902",711 reviews,45,"['All reviews', 'chelsea market', 'porthole windows', 'meatpacking district', 'the high line', 'mario batali restaurant', 'rooms are small', 'whitney museum', 'new york', 'room service', 'hudson river', 'the penthouse', 'continental breakfast', 'bath products', 'business traveler', 'rain shower', 'home away from home', 'wine and cheese']"
Hotel Mulberry,#147 of 479 Hotels in New York City,199,3 Star Hotel,52 Mulberry St,"New York City, NY 10013-4315",631 reviews,45,"['All reviews', 'columbus park', 'canal street', 'freedom tower', 'free breakfast', 'little italy', ""mama's cafe"", 'new york', 'breakfast is served', 'parking garage', 'every morning', 'short walk', 'modern bathroom', 'lower manhattan', 'small hotel', 'battery park', 'beds were very comfortable', 'world trade']"
"The Ritz-Carlton New York, Central Park",#51 of 479 Hotels in New York City,825,5 Star Hotel,50 Central Park South,"New York City, NY 10019","1,649 reviews",45,"['All reviews', 'the club lounge', 'central park', 'star lounge', 'park view', 'new york', 'guest relations', 'four seasons', 'room service', 'beautiful hotel', 'concierge staff', 'beautiful room', 'luxury hotel', 'a wonderful stay', 'columbus circle', 'battery park', 'the entire staff', 'turn down service']"
Baccarat Hotel & Residences New York,#28 of 479 Hotels in New York City,1095,5 Star Hotel,28 W 53rd St,"New York City, NY 10019-6106",514 reviews,45,"['All reviews', 'grand salon', 'classic king', 'la mer spa', 'prestige suite', 'evian water', 'beautiful hotel', 'new york', 'moment you arrive', 'house car', 'museum of modern art', 'mini bar', 'luxury hotel', 'park hyatt', 'beautiful room', 'favorite hotel in nyc', 'directly across the street', 'room service']"
EVEN Hotel New York - Midtown East,#52 of 479 Hotels in New York City,219,4 Star Hotel,219 E 44th St,"New York City, NY 10017-4305",640 reviews,45,"['All reviews', 'yoga mat', 'workout equipment', 'grand central station', 'conscious hotel', 'wellness hotel', 'ping pong table', 'body wash', 'new york', 'great hotel', 'great gym', 'chrysler building', 'modern hotel', 'comfortable bed', 'hotel experience', 'great shower', 'fitness center', 'bathroom door']"
The Hilton Club - New York,#175 of 479 Hotels in New York City,431,4 Star Hotel,1335 Avenue of the Americas,"36th, 37th and 38th Floors of the Hilton New York",743 reviews,45,"['All reviews', 'central park', 'owners lounge', 'time share', 'grand vacation', 'new york', 'great location', 'rockefeller center', 'radio city music hall', 'cocktail hour', 'breakfast and happy hour', 'times square', 'busy hotel', 'hard boiled eggs', 'continental breakfast', 'the executive lounge', 'main lobby', 'midtown manhattan']"
Hilton Garden Inn New York/West 35th Street,#87 of 479 Hotels in New York City,170,3 Star Hotel,63 West 35th Street,"New York City, NY 10001-2202","5,555 reviews",45,"['All reviews', 'the empire state building', 'herald square', 'penn station', 'great location', 'times square', 'new york', 'city view', 'around the corner', 'fridge and microwave', 'front desk staff', 'few blocks', 'would definitely stay here again', 'bryant park', 'coffee maker', 'corner room', 'midtown manhattan', 'high floor']"
Broadway at Times Square Hotel,#245 of 479 Hotels in New York City,175,3 Star Hotel,129 West 46th Street,"New York City, NY 10036-8502","2,214 reviews",40,"['All reviews', 'comfort inn', 'bagels', 'times square', 'great location', 'continental breakfast', 'new york', 'rooms are small', 'boiled eggs', 'stay there again', 'brick wall', 'free wifi', 'rockefeller center', 'half block', 'the breakfast area', 'queen bed', 'the hotel is clean', 'street noise']"
Carvi Hotel New York,#213 of 479 Hotels in New York City,249,3 Star Hotel,152 E 55th St,"New York City, NY 10022-4513",623 reviews,40,"['All reviews', 'no window', 'central park', 'pj clarkes', 'new york', 'small hotel', 'free wifi', 'comfortable bed', 'times square', 'stay there again', 'lexington avenue', 'walking distance', 'excellent location', 'restaurants and bars', 'stayed for nights', 'roof terrace', 'good size', 'rooms are clean']"
Hampton Inn Manhattan Grand Central,#79 of 479 Hotels in New York City,269,3 Star Hotel,231 E 43rd St,"New York City, NY 10017-4701","2,432 reviews",45,"['All reviews', 'united nations', 'front desk', 'great location', 'new york', 'the breakfast area', 'free breakfast', 'sliding door', 'hot breakfast', 'two blocks', 'breakfast staff', 'yogurt', 'chrysler building', 'times square', 'rooms are small', 'business center', 'clean hotel', 'fitness center']"
The Blakely New York,#154 of 479 Hotels in New York City,275,4 Star Hotel,136 W 55th St,Bet. 6th & 7th Avenue,"1,552 reviews",45,"['All reviews', 'black tap', 'day bed', 'central park', 'continental breakfast', 'au bon pain', 'new york', 'bagels', 'times square', 'carnegie hall', 'one bedroom suite', 'small hotel', 'sitting room', 'adjoining restaurant', 'mini kitchen', 'large bedroom', 'restaurant staff', 'street noise']"
Fairfield Inn & Suites New York Manhattan/Chelsea,#160 of 479 Hotels in New York City,197,3 Star Hotel,116 W 28th St,"New York City, NY 10001-6101",909 reviews,45,"['All reviews', 'flower district', 'penn station', 'the empire state building', 'wholesale flower', 'yogurt', 'new york', 'free breakfast', 'madison square garden', 'rooftop patio', 'the breakfast area', 'times square', 'front desk staff', 'city view', 'rooms are small', 'few blocks', 'king bed', 'convenient location']"
Hilton Garden Inn New York Times Square South,#110 of 479 Hotels in New York City,183,3 Star Hotel,326 W 37th St,"New York City, NY 10018-4208",251 reviews,45,"['All reviews', 'penn station', 'front desk', 'times square', 'great location', 'new york', 'keurig coffee maker', 'diamond member', 'javits center', 'nice property', 'lincoln tunnel', 'mini fridge', 'storage space', 'visiting nyc', 'theater district', 'highly recommend this hotel', 'walking distance', 'special thanks']"
The Surrey,#136 of 479 Hotels in New York City,387,5 Star Hotel,20 East 76th Street,"New York City, NY 10021-2643","2,018 reviews",45,"['All reviews', 'cafe boulud', 'upper east side', 'central park', 'bar pleiades', 'grand deluxe salon', 'relais chateaux', 'madison avenue', 'rooftop garden', 'new york', 'room service', 'in room dining', 'luxury hotel', 'favorite hotel', 'bottle of champagne', 'turn down service', 'wonderful hotel', 'four seasons']"
"The Lexington Hotel, Autograph Collection",#238 of 479 Hotels in New York City,280,4 Star Hotel,511 Lexington Avenue,at 48th Street,"4,407 reviews",40,"['All reviews', 'marilyn monroe', 'starbucks attached', 'irina borukhov', 'great location', 'new york', 'marriott properties', 'grand central station', 'nice lobby', 'times square', 'rooms are small', 'art deco', 'king room', 'bottled water', 'lobby area', 'rockefeller center', 'street noise', 'few blocks']"
Chambers Hotel,#131 of 479 Hotels in New York City,257,4 Star Hotel,15 W 56th St,"New York City, NY 10019-3902",692 reviews,45,"['All reviews', 'ma peche', 'milk bar', 'central park', 'boutique hotel', 'new york', 'rain shower', 'trump tower', 'corner king room', 'fifth avenue', 'small hotel', 'basic room', 'bottled water', 'bath products', 'great boutique', 'room service', 'great amenities', 'restaurant downstairs']"
"Club Quarters Hotel, Wall Street",#190 of 479 Hotels in New York City,233,4 Star Hotel,52 William St,"New York City, NY 10005-2876","1,781 reviews",40,"['All reviews', 'the financial district', 'purified water', 'stock exchange', 'new york', 'south street seaport', 'lower manhattan', 'battery park', 'staten island ferry', 'world trade center', 'statue of liberty', 'subway station', 'free wifi', 'around the corner', 'duane reade', 'queen bed', 'business traveler', 'quiet at night']"
Hotel Beacon,#54 of 479 Hotels in New York City,246,4 Star Hotel,2130 Broadway at 75th Street,"New York City, NY 10023-1724","4,225 reviews",45,"['All reviews', 'fairway market', 'upper west side', 'central park', 'viand cafe', 'small kitchenette', 'levain bakery', 'new york', 'strawberry fields', 'street subway', 'one bedroom suite', 'times square', 'laundry room', 'natural history museum', 'express train', 'lincoln center', 'short walk', 'full kitchen']"
Candlewood Suites New York City Times Square,#268 of 479 Hotels in New York City,194,3 Star Hotel,339 W. 39th Street,"New York City, NY 10018-1401","1,952 reviews",40,"['All reviews', 'free laundry', 'times square', 'port authority', 'full size refrigerator', 'new york', 'fridge freezer', 'an extended stay', 'laundry room', 'small kitchen', 'longer stay', 'clean towels', 'penn station', 'few blocks', 'coffee maker', 'the empire state building', 'queen bed', 'would definitely stay here again']"
Hilton Garden Inn NYC Financial Center/Manhattan Downtown,#96 of 479 Hotels in New York City,229,3 Star Hotel,6 Water St,"New York City, NY 10004-2113",238 reviews,45,"['All reviews', 'the staten island ferry', 'battery park', 'great hotel', ""governor's island"", 'dead rabbit', 'charging bull', 'water street', 'front desk', 'american indian museum', 'laptop safe', 'fraunces tavern', 'brand spanking new', 'ironing board and iron', 'close to wall street', 'south street seaport', 'booked a king room', 'statue of liberty']"
Hampton Inn Manhattan-Seaport-Financial District,#256 of 479 Hotels in New York City,174,3 Star Hotel,320 Pearl St,"New York City, NY 10038-1604","1,161 reviews",40,"['All reviews', 'brooklyn bridge', 'pace university', 'pearl street', 'front desk', 'fulton st', 'battery park', 'new york', 'wall street', 'freedom tower', 'statue of liberty', 'the world trade center', 'free breakfast', 'walking distance', 'the breakfast area', 'small hotel', 'yogurt', 'would stay here again']"
The Frederick Hotel,#200 of 479 Hotels in New York City,229,4 Star Hotel,95 West Broadway,At Chambers Street,"2,151 reviews",40,"['All reviews', 'cosmopolitan hotel', 'chambers street', 'west broadway', 'subway station', 'tribeca area', 'great location', 'brooklyn bridge', 'new york', 'battery park', 'lower manhattan', 'world trade center', 'rooms are small', 'double bed', 'walking distance', 'street noise', 'the financial district', 'air conditioner']"
Embassy Suites by Hilton New York Midtown Manhattan,#229 of 479 Hotels in New York City,287,3 Star Hotel,60 W 37th St,"New York City, NY 10018-7401",222 reviews,40,"['All reviews', 'evening reception', 'the empire state building', 'made to order breakfast', 'needed extra pillows', 'order eggs', 'managers reception', 'omelette station', 'the complimentary happy hour', 'herald square subway station', 'free breakfast buffet', 'room wasn t', 'hot and cold items', 'the sofa bed', 'studio suite', 'small problem', 'sleeping area', 'midtown manhattan']"
Distrikt Hotel New York City,#91 of 479 Hotels in New York City,209,4 Star Hotel,342 West 40th Street,"New York City, NY 10018-1404","5,964 reviews",45,"['All reviews', 'port authority', 'parole office', 'times square', 'new york', 'great hotel', 'bus station', ""hell's kitchen"", 'little touches', 'hudson river', 'good size', 'free wifi', 'our honeymoon', 'coffee machine', 'central location', 'small hotel', 'big apple', 'higher floor']"
Hotel on Rivington,#228 of 479 Hotels in New York City,221,4 Star Hotel,107 Rivington St,"New York City, NY 10002-2203","1,523 reviews",40,"['All reviews', 'lower east side', 'floor to ceiling windows', 'soaking tub', 'corner king', 'steam shower', 'williamsburg bridge', 'high floor', 'new york', 'memory foam', 'bars and restaurants', 'complimentary wine', 'trendy hotel', 'the penthouse', 'turn down service', 'mini bar', 'freedom tower', 'around the corner']"
Hotel Hayden,#236 of 479 Hotels in New York City,225,4 Star Hotel,127 W 28th St,Between 6th & 7th Avenues,371 reviews,40,"['All reviews', 'flower district', 'rooftop bar', 'hotel indigo', 'great location', 'front desk', 'new york', 'nice hotel', 'subway access', 'clean rooms', 'penn station', 'the room was nice', 'light sleeper', 'enjoyed my stay', 'mini bar', 'would definitely stay here again', 'walking distance', 'continental breakfast']"
Sohotel,#208 of 479 Hotels in New York City,165,3 Star Hotel,341 Broome St,"New York City, NY 10013-4236","1,521 reviews",40,"['All reviews', 'broome street', 'great location', 'new york', 'lower east side', 'free coffee and tea', 'family room', 'soho area', 'single bed', 'rooms are small', 'cool hotel', 'street noise', 'few blocks', 'around the corner', 'boutique hotel', 'subway station', 'times square', 'lobby']"
The Manhattan at Times Square Hotel,#165 of 479 Hotels in New York City,149,4 Star Hotel,790 7th Avenue,"New York City, NY 10019-6204","10,754 reviews",40,"['All reviews', 'breakfast bar', 'times square', 'great location', 'new york', 'grab and go', 'central park', 'early check', 'rockefeller center', 'few blocks', 'mohammad', 'dolly', 'alam', 'dolores', 'manhattan', 'broadway', 'subway', 'concierge']"
Smyth Hotel,#105 of 479 Hotels in New York City,259,4 Star Hotel,85 West Broadway,"New York City, NY 10007-1045",572 reviews,45,"['All reviews', 'chambers street', 'tribeca location', 'evening bar', 'great location', 'west broadway', 'lower manhattan', 'freedom tower', 'new york', 'the world trade center', 'the financial district', 'king suite', 'subway station', 'brooklyn bridge', 'cool hotel', 'wonderful stay', 'front desk staff', 'easy access']"
Broadway Plaza Hotel,#130 of 479 Hotels in New York City,206,3 Star Hotel,1155 Broadway,"New York City, NY 10001-7516","1,552 reviews",40,"['All reviews', 'breakfast room', 'view of the empire state building', 'bagels', 'new york', 'the flat iron building', 'times square', 'tea and coffee', 'free continental breakfast', 'subway station', 'large bathroom', 'stayed here for nights', 'fourth floor', 'two queen beds', 'good size', 'few blocks', 'junior suite', 'would definitely stay here again']"
The Michelangelo Hotel,#45 of 479 Hotels in New York City,279,5 Star Hotel,152 West 51st Street,between 6th and 7th Avenues,"3,946 reviews",45,"['All reviews', 'times square', 'great location', 'new york', 'central park', 'rockefeller center', 'walk in closet', 'rooms are large', 'beautiful hotel', 'junior suite', 'turn down service', 'radio city music hall', 'sitting area', 'continental breakfast', 'street noise', 'by nyc standards', 'visit nyc', 'loved this hotel']"
Walker Hotel Greenwich Village,#103 of 479 Hotels in New York City,345,4 Star Hotel,52 W 13th St,"New York City, NY 10011-7902","1,148 reviews",45,"['All reviews', 'boutique hotel', ""murray's bagels"", 'union square', 'art deco style', 'new york', 'rooms are small', 'quiet street', 'turn down service', 'freedom tower', 'great boutique', 'room service', 'perfect location', 'the high line', 'water pressure', 'around the corner', 'two double beds', 'the empire state building']"
The Wall Street Inn,#174 of 479 Hotels in New York City,197,3 Star Hotel,9 S William St,New York,551 reviews,40,"['All reviews', 'the financial district', 'battery park', 'continental breakfast', 'bagels', 'lower manhattan', 'staten island ferry', 'fraunces tavern', 'stock exchange', 'hard boiled eggs', 'south street seaport', 'statue of liberty', 'new york', 'quaint hotel', 'restaurants and bars', 'waffle maker', 'ny times', 'corner room']"
Tryp by Wyndham New York City Times Square South,#224 of 479 Hotels in New York City,229,4 Star Hotel,345 West 35th Street,"Steps to Times Square, High-line, Etc","4,252 reviews",45,"['All reviews', 'family room', 'penn station', 'premium room', 'bunk beds', 'police station next door', 'times square', 'new york', 'madison square garden', 'quiet street', 'empire state building', 'coffee machine', 'modern hotel', 'large room', 'mini fridge', 'around the corner', 'nyc hotel', 'few blocks']"
Lotte New York Palace,#68 of 479 Hotels in New York City,475,4 Star Hotel,455 Madison Avenue,"New York City, NY 10022-6845","4,194 reviews",45,"['All reviews', ""patrick's cathedral"", 'pomme palais', 'cathedral view', 'new york', 'gossip girl', 'rockefeller center', 'room service', 'madison avenue', 'central park', 'rooms are large', 'beautiful room', 'fabulous hotel', 'the location is perfect', 'corner room', 'mini bar', 'times square', 'high floor']"
Holiday Inn Express Manhattan Midtown West,#275 of 479 Hotels in New York City,174,3 Star Hotel,538 W 48th St,"New York City, NY 10036-1102","1,207 reviews",40,"['All reviews', ""hell's kitchen"", 'times square', 'hi express', 'new york', 'the breakfast area', 'west side', 'minute walk', 'free breakfast', 'the nearest subway station', 'yogurt', 'few blocks', 'hot breakfast', 'rooms are small', 'breakfast staff', 'hotel is located', 'each morning', 'would stay again']"
Hilton New York Fashion District,#220 of 479 Hotels in New York City,220,4 Star Hotel,152 West 26th Street,"New York City, NY 10001-6975","3,674 reviews",40,"['All reviews', 'rooftop bar', 'new york', 'penn station', 'the empire state building', 'whole foods', 'front desk staff', 'the high line', 'high floor', 'chelsea market', 'times square', 'madison square garden', 'rooms are small', 'street noise', 'few blocks', 'mini bar', 'decent size', 'early check']"
Hotel 48LEX New York,#78 of 479 Hotels in New York City,246,4 Star Hotel,517 Lexington Avenue,"New York City, NY 10017-1204","1,739 reviews",45,"['All reviews', 'second floor lounge', 'corner suite', 'new york', 'wine and cheese hour', 'floor to ceiling windows', 'boutique hotel', 'grand central station', 'grand hyatt', 'mini bar', 'coffee machine', 'great boutique', 'lounge area', 'beautiful room', 'midtown manhattan', 'street noise', 'nyc hotels', 'definitely stay here again']"
The Roxy Hotel Tribeca,#14 of 479 Hotels in New York City,250,4 Star Hotel,2 Avenue of the Americas,"New York City, NY 10013-2401",879 reviews,45,"['All reviews', 'jazz club', 'live jazz', 'oyster bar', 'open atrium', 'canal street subway', 'director of guest services', 'new york', 'cool hotel', 'cool vibe', 'freedom tower', 'world trade', 'lounge area', 'greenwich village', 'the general manager', 'lower manhattan', 'amazing hotel', 'battery park']"
"The Algonquin Hotel Times Square, Autograph Collection",#237 of 479 Hotels in New York City,251,4 Star Hotel,59 W 44th St,"New York City, NY 10036","2,131 reviews",40,"['All reviews', 'blue bar', 'dorothy parker', 'hotel cat', 'literary history', 'oldest hotel', 'the blue room', 'times square', 'new york', 'rooms are small', 'red flame', 'marriott points', 'classic hotel', 'lobby lounge', 'bryant park', 'the theater district', 'street noise', 'free coffee']"
The Nolitan Hotel,#104 of 479 Hotels in New York City,275,3 Star Hotel,30 Kenmare St,"New York City, NY 10012-4613","1,007 reviews",45,"['All reviews', 'williamsburg bridge', 'kenmare street', 'balcony room', 'lower east side', 'new york', 'yoga mat', 'wine and cheese', 'rooms are small', 'manhattan skyline', 'the empire state building', 'street noise', 'walking distance', 'restaurants and shops', 'rooftop terrace', 'turn down service', 'little touches', 'every evening']"
Gramercy Park Hotel,#146 of 479 Hotels in New York City,379,4 Star Hotel,2 Lexington Avenue,"New York City, NY 10010-5487","1,556 reviews",45,"['All reviews', 'rose bar', 'maialino', 'private park', 'red velvet', 'new york', 'room service', 'union square', 'home away from home', 'hotel is beautiful', 'junior suite', 'turn down service', 'hotel bar', 'nyc hotel', 'mini bar', 'late check', 'concierge', 'aesop']"
LUMA Hotel Times Square,#25 of 479 Hotels in New York City,280,4 Star Hotel,120 W 41st St,"New York City, NY 10036-7315",512 reviews,45,"['All reviews', 'bryant park', 'whole foods', 'nespresso machine', 'sound machine', 'times square', 'usb charging', 'usb ports', 'new york', 'make up mirror', 'robes and slippers', 'modern hotel', 'pret a manger', 'every amenity', 'blow dryer', 'exceptional staff', 'king size', 'outstanding hotel']"
The Ludlow New York City,#81 of 479 Hotels in New York City,330,4 Star Hotel,180 Ludlow St,"New York City, NY 10002-1514",760 reviews,45,"['All reviews', 'dirty french', 'lower east side', ""katz's deli"", 'east village', 'russ daughters', 'queen studio', 'sweet chicken', 'new york', 'small balcony', 'cool hotel', 'restaurants and bars', 'complimentary breakfast', 'great neighborhood', 'sitting area', 'roof terrace', 'restaurant downstairs', 'rain shower']"
Fairfield Inn & Suites New York Midtown Manhattan/Penn Station,#155 of 479 Hotels in New York City,247,3 Star Hotel,325 W 33rd St,"New York City, NY 10001-2702","1,600 reviews",45,"['All reviews', 'madison square garden', 'rooftop bar', 'great location', 'new york', 'times square', 'free breakfast', 'city view', 'freedom tower', 'the breakfast area', 'yogurt', 'half block', 'king suite', 'front desk staff', 'would definitely stay here again', 'empire state building', 'the high line', 'midtown manhattan']"
Hilton Garden Inn New York - Times Square Central,#216 of 479 Hotels in New York City,205,3 Star Hotel,136 W 42nd St,"New York City, NY 10036-7803","1,813 reviews",40,"['All reviews', 'times square', 'bryant park', 'great location', 'new york', 'ball drop', 'fridge and microwave', 'city view', 'rooms are small', 'front desk staff', 'the theater district', 'would stay here again', 'hotel lobby', 'corner room', 'broadway show', 'street noise', 'would highly recommend this hotel', 'king room']"
The NoMad Hotel New York,#101 of 479 Hotels in New York City,375,5 Star Hotel,1170 Broadway,"New York City, NY 10001-7507",912 reviews,45,"['All reviews', 'library bar', 'atelier room', 'claw foot tub', 'flatiron district', 'eleven madison park', 'reserved for hotel guests', 'water closet', 'hardwood floors', 'ace hotel', 'new york', 'the empire state building', 'union square', 'walk in shower', 'cool hotel', 'restaurants and bars', 'beautiful room', 'bottle of champagne']"
SIXTY LES,#255 of 479 Hotels in New York City,225,4 Star Hotel,190 Allen St,Lower East Side,"1,266 reviews",40,"['All reviews', 'lower east side', 'blue ribbon', 'allen street', ""katz's deli"", 'outdoor pool', 'east village', 'new york', 'king suite', 'cool hotel', 'rain shower', 'bars and restaurants', 'freedom tower', 'whole foods', 'great neighborhood', 'the penthouse', 'great shower', 'around the corner']"
Seton Hotel,#209 of 479 Hotels in New York City,200,3 Star Hotel,144 East 40th Street,"New York City, NY 10016-1762",861 reviews,40,"['All reviews', 'shared bathroom', 'grand central station', 'economy room', 'great location', 'new york', 'free tea and coffee', 'times square', 'vending machine', 'chrysler building', 'within walking distance', 'shake shack', 'around the corner', 'the ground floor', 'empire state', 'double room', 'stayed for nights', 'two blocks']"
Ace Hotel New York,#204 of 479 Hotels in New York City,179,4 Star Hotel,20 West 29th Street,at Broadway,"1,871 reviews",40,"['All reviews', 'stumptown coffee', 'smeg fridge', 'breslin restaurant', 'medium room', 'mini room', 'john dory', 'oyster bar', 'opening ceremony', 'hipster hotel', 'photo booth', 'lobby bar', 'new york', 'cool hotel', 'flatiron district', 'the empire state building', 'cool vibe', 'barber shop']"
citizenM New York Times Square,#21 of 479 Hotels in New York City,294,4 Star Hotel,218 West 50th Street,"New York City, NY 10019-6702","3,795 reviews",45,"['All reviews', 'citizen m', 'rooftop bar', 'rooms are small', 'free movies', 'mood pad', 'controlled by a tablet', 'times square', 'new york', 'huge bed', 'rain shower', 'cool hotel', 'living room', 'amazing hotel', 'great shower', 'perfect location', 'loved this hotel', 'subway station']"
Courtyard New York Manhattan/Chelsea,#133 of 479 Hotels in New York City,279,3 Star Hotel,135 W 30th St,"New York City, NY 10001-4012",970 reviews,45,"['All reviews', 'penn station', 'great location', 'new york', 'courtyard by marriott', 'close to madison square garden', 'around the corner', 'times square', 'freedom tower', 'would definitely stay here again', 'directly across the street', 'nice shower', 'the high line', 'the empire state building', 'hotel is located', 'front desk staff', 'the staff was friendly and helpful', 'few blocks']"
Royalton New York Hotel,#270 of 479 Hotels in New York City,229,4 Star Hotel,44 West 44th Street,"New York City, NY 10036-6604","2,522 reviews",40,"['All reviews', 'loft suite', 'times square', 'new york', 'soaking tub', 'room service', 'bryant park', 'standard room', 'lobby bar', 'location is great', 'midtown location', 'grand central station', 'fifth avenue', 'reception desk', 'an upgrade', 'two blocks', 'the theater district', 'street noise']"
Fitzpatrick Grand Central,#56 of 479 Hotels in New York City,168,4 Star Hotel,141 E 44th St,"New York City, NY 10017-4006","2,544 reviews",45,"['All reviews', 'new york', 'champagne and strawberries', 'great location', 'grand central', 'our honeymoon', 'lovely hotel', 'home from home', 'lexington avenue', 'chrysler building', 'times square', 'good size', 'stayed here for nights', 'upgraded to a suite', 'bed was very comfortable', 'around the corner', 'would highly recommend this hotel', 'definitely stay here again']"
Hyatt House New York/Chelsea,#112 of 479 Hotels in New York City,254,3 Star Hotel,815 Avenue of the Americas,"New York City, NY 10001-6305",501 reviews,45,"['All reviews', 'flower district', 'omelette station', 'the empire state building', 'made to order omelets', 'top floor', 'new york', 'workout room', 'corner room', 'rooftop terrace', 'free breakfast', 'double queen', 'small kitchen', 'madison square park', 'world trade center', 'freedom tower', 'floor to ceiling windows', 'full kitchen']"
Sanctuary Hotel New York,#83 of 479 Hotels in New York City,269,4 Star Hotel,132 West 47th Street,Between 6th Avenue of the Americas and 7th Avenue,"4,295 reviews",45,"['All reviews', 'rooftop bar', 'haven rooftop', 'times square', 'new york', 'continental breakfast', 'rooms are small', 'door staff', 'cupcakes', 'our honeymoon', 'brick wall', 'perfect location', 'concierge service', 'rockefeller center', 'fantastic hotel', 'big apple', 'yogurt', 'central park']"
Pod 51 Hotel,#261 of 479 Hotels in New York City,135,3 Star Hotel,230 East 51st Street,"New York City, NY 10022-6571","5,223 reviews",40,"['All reviews', 'shared bathroom', 'bunk bed room', 'pickwick arms', 'private bath', 'rooms are small', 'new york', 'ess a bagel', 'roof terrace', 'budget hotel', 'around the corner', 'place to sleep', 'times square', 'subway station', 'central park', 'flat screen tv', 'location is great', 'rockefeller center']"
Millennium Hilton New York One UN Plaza,#227 of 479 Hotels in New York City,217,4 Star Hotel,One UN Plaza,"New York City, NY 10017",740 reviews,40,"['All reviews', 'east river', 'united nations', 'chrysler building', 'sky lounge', 'ambassador grill', 'roosevelt island', 'great hotel', 'new york', 'coffee shop in the lobby', 'grand central station', 'empire state', 'corner room', 'quiet location', 'times square', 'bedroom suite', 'min walk', 'room was spotless']"
The Marcel at Gramercy,#107 of 479 Hotels in New York City,186,4 Star Hotel,201 East 24th Street,"New York City, NY 10010-3801","3,658 reviews",40,"['All reviews', 'guest lounge', 'floor lounge', 'new york', 'tenth floor', 'the empire state building', 'roof terrace', 'madison square park', 'boutique hotel', 'free coffee', 'rooms are small', 'bigger room', 'street noise', 'continental breakfast', 'an upgrade', 'corner room', 'higher floor', 'location was perfect']"
Duane Street Hotel,#75 of 479 Hotels in New York City,242,4 Star Hotel,130 Duane St,"New York City, NY 10013-3808",717 reviews,45,"['All reviews', 'tribeca area', 'boutique hotel', 'st hotel', 'lower manhattan', 'chambers street', 'new york', 'rooms are small', 'brooklyn bridge', 'street noise', 'great boutique', 'world trade center', 'the financial district', 'greenwich village', 'battery park', 'business trip', 'comfortable bed', 'freedom tower']"
Hotel Wales,#199 of 479 Hotels in New York City,241,3 Star Hotel,1295 Madison Ave,"New York City, NY 10128-1301",885 reviews,40,"['All reviews', 'upper east side', 'madison avenue', 'museum mile', 'central park', 'sinai hospital', 'cooper hewitt', 'rooftop terrace', 'new york', 'hour coffee', 'free coffee and tea', 'metropolitan museum of art', 'boutique hotel', 'king suite', 'great neighborhood', 'sitting room', 'front desk staff', 'lounge area']"
Residence Inn New York Manhattan/Central Park,#159 of 479 Hotels in New York City,386,3 Star Hotel,1717 Broadway,"New York City, NY 10019-5214","1,443 reviews",45,"['All reviews', 'corner room', 'hudson river', 'central park', 'tallest hotel', 'grand times', 'times square', 'floor to ceiling windows', 'new york', 'free breakfast', 'pots and pans', 'square view', 'mini kitchen', 'the breakfast area', 'third floor', 'high floor', 'small kitchenette', 'few blocks']"
Courtyard New York Manhattan/Herald Square,#176 of 479 Hotels in New York City,242,3 Star Hotel,71 W 35th St,at 6th Avenue,851 reviews,45,"['All reviews', 'the empire state building', 'penn station', 'rooftop bar', 'courtyard marriott', 'great location', 'new york', 'hotel entrance', 'lobby level', 'the ground floor', 'street noise', 'corner room', 'definitely stay here again', 'car service', 'city view', 'good size', 'bryant park', 'min walk']"
Residence Inn New York Manhattan/Times Square,#234 of 479 Hotels in New York City,339,3 Star Hotel,1033 Avenue of the Americas,"New York City, NY 10018-5408","2,613 reviews",45,"['All reviews', 'bryant park', 'times square', 'the empire state building', 'great location', 'new york', 'sofa bed', 'free breakfast', 'full size fridge', 'third floor', 'the breakfast area', 'yogurt', 'small kitchen', 'few blocks', 'high floor', 'corner room', 'herald square', 'rockefeller center']"
The Peninsula New York,#92 of 479 Hotels in New York City,695,5 Star Hotel,700 Fifth Avenue at 55th Street,"New York City, NY 10019","1,228 reviews",45,"['All reviews', 'rooftop bar', 'salon de ning', 'grand luxe room', 'fifth avenue', 'oscar de la renta', 'central park', 'new york', 'four seasons', 'indoor pool', 'luxury hotel', 'room service', 'separate shower', 'st regis', 'superior room', 'concierge desk', 'turn down service', 'an upgrade']"
Lowell Hotel,#36 of 479 Hotels in New York City,572,5 Star Hotel,28 E 63rd St,Between Madison and Park Avenues,358 reviews,45,"['All reviews', 'pembroke room', 'upper east side', 'wood burning fireplace', 'deluxe junior suite', 'new york', 'home away from home', 'small hotel', 'central park', 'intimate hotel', 'room service', 'club room', 'four seasons', 'recent stay', 'perfect stay', 'favorite hotel', 'bell staff', 'hotel experience']"
Holiday Inn Express Manhattan Times Square South,#233 of 479 Hotels in New York City,198,3 Star Hotel,60 West 36th Street & 6th Ave,"New York City, NY 10018-8039","1,283 reviews",45,"['All reviews', 'the empire state building', 'herald square', 'hi express', 'penn station', 'times square', 'great location', 'new york', 'free breakfast', 'the breakfast area', 'yogurt', 'hot breakfast', 'walking distance', 'around the corner', 'would stay here again', 'rooms are small', 'front desk staff', 'clean hotel']"
New York Marriott Marquis,#215 of 479 Hotels in New York City,280,4 Star Hotel,1535 Broadway,At 45th Street,"12,011 reviews",40,"['All reviews', 'revolving restaurant', 'times square', 'view restaurant', 'the concierge lounge', 'new york', 'floor number', 'huge hotel', 'perfect location', 'busy hotel', 'fitness center', 'broadway show', ""can't beat the location"", 'the theater district', 'rooms are large', 'sofa bed', 'high floor', 'hudson river']"
Loews Regency New York Hotel,#40 of 479 Hotels in New York City,339,5 Star Hotel,540 Park Avenue,61st Street,"1,866 reviews",45,"['All reviews', 'park avenue', 'new york', 'bathroom mirror', 'upper east side', 'close to central park', 'room service', 'rooms are spacious', 'beautiful hotel', 'luxury hotel', 'turn down service', 'two blocks', 'location is great', 'around the corner', 'times square', 'concierge', '61st', 'nyc']"
Kimpton Ink48 Hotel,#71 of 479 Hotels in New York City,229,4 Star Hotel,653 11th Avenue at 48th,"New York City, NY 10036-2004","3,413 reviews",45,"['All reviews', ""hell's kitchen"", 'press lounge', 'rooftop bar', 'hudson river', 'hudson suite', 'stephen field', 'wine hour', 'times square', 'west side', 'new york', 'intrepid museum', 'city view', 'wine reception', 'nyc skyline', 'javits center', 'soaking tub', 'floor to ceiling windows']"
Kimpton Hotel Eventi,#61 of 479 Hotels in New York City,289,5 Star Hotel,851 Avenue of the Americas,"New York City, NY 10001-4101","3,660 reviews",45,"['All reviews', 'wine hour', 'the empire state building', 'penn station', 'raid the mini bar', 'cupcakes', 'wine reception', 'floor to ceiling windows', 'new york', 'yoga mat', 'bottle of champagne', 'herald square', 'corner room', 'times square', 'rain shower', 'one bedroom suite', 'front desk staff', 'city view']"
Sofitel New York,#90 of 479 Hotels in New York City,322,4 Star Hotel,45 West 44th Street,"New York City, NY 10036-6613","6,971 reviews",45,"['All reviews', 'the red flame diner', 'gaby restaurant', 'new york', 'times square', 'chrysler building', 'separate shower', 'room service', 'turn down service', 'bryant park', 'fifth avenue', 'late check', 'grand central station', 'luxury hotel', 'high floor', 'quiet street', 'bottle of champagne', 'hotel restaurant']"
The Iroquois New York,#38 of 479 Hotels in New York City,305,4 Star Hotel,49 W 44th St,btwn 5th & 6th Aves,"4,094 reviews",45,"['All reviews', 'triomphe restaurant', 'small luxury hotel', 'new york', 'times square', 'molton brown toiletries', 'great location', 'hot cider', 'the red flame diner', 'bryant park', 'quiet street', 'turn down service', 'grand central station', 'fifth avenue', 'the theater district', 'midtown manhattan', 'home away from home', 'two blocks']"
Fairfield Inn & Suites New York Manhattan/Central Park,#172 of 479 Hotels in New York City,203,3 Star Hotel,538 W 58th St,"New York City, NY 10019-1004",269 reviews,40,"['All reviews', 'columbus circle', 'free breakfast', 'lincoln center', 'rooms are small', 'central park', 'john jay', 'marriott brand', 'make your own waffles', 'metropolitan opera', 'uber ride', 'breakfast staff', 'new york', 'breakfast room', 'minute walk', 'quiet street', 'times square', 'excellent breakfast']"
Holiday Inn NYC - Lower East Side,#219 of 479 Hotels in New York City,171,4 Star Hotel,150 Delancey Street,"New York City, NY 10002-3308",752 reviews,40,"['All reviews', 'williamsburg bridge', 'delancey street', 'subway station', 'retro bar', 'essex st', 'walking distance to chinatown', 'tenement museum', 'new york', 'front desk staff', 'few blocks', 'bed was comfortable', 'rooms are modern', 'restaurants and bars', 'would definitely stay here again', 'the hotel is clean', 'late at night', 'staff was very friendly and helpful']"
Courtyard New York Manhattan/Midtown East,#181 of 479 Hotels in New York City,296,3 Star Hotel,866 Third Avenue,"New York City, NY 10022-6221","2,460 reviews",45,"['All reviews', 'courtyard marriott', 'sofa bed', 'great location', 'central park', 'subway station', 'new york', 'times square', 'ess a bagel', 'drug store', 'chrysler building', 'duane reade', 'floor lounge', 'two queens', 'rockefeller center', 'spacious room', 'within walking distance', 'around the corner']"
Hotel Metro,#115 of 479 Hotels in New York City,219,3 Star Hotel,45 W 35th St,"New York City, NY 10001-2277","4,468 reviews",45,"['All reviews', 'roof terrace', 'metro grill', 'bagels', 'the empire state building', 'tea and coffee', 'free wine tasting', 'premier queen room', 'new york', 'great hotel', 'times square', 'continental breakfast', 'family suite', 'set you up for the day', 'herald square', 'art deco style', 'penn station', 'the penthouse']"
IBEROSTAR 70 Park Avenue Hotel,#225 of 479 Hotels in New York City,215,4 Star Hotel,70 Park Ave,"New York City, NY 10016-2504",731 reviews,40,"['All reviews', 'grand central station', 'great location', 'new york', 'front desk staff', 'view of the empire state building', 'wine hour', 'king room', 'just returned from a night stay', 'door man', 'times square', 'coffee machine', 'special thanks', 'bed was comfortable', 'two blocks', 'would definitely stay here again', 'nyc hotels', 'rooms are small']"
Viceroy Central Park New York,#264 of 479 Hotels in New York City,254,5 Star Hotel,120 W 57th Street,"New York City, NY 10019-3320","1,633 reviews",40,"['All reviews', 'rooftop bar', 'kingside restaurant', 'central park', 'park suite', 'carnegie hall', 'new york', 'espresso machine', 'concierge team', 'closet space', 'junior suite', 'columbus circle', 'rooms are small', 'perfect location', 'times square', 'standard room', 'fifth avenue', 'two blocks']"
Moderne Hotel,#85 of 479 Hotels in New York City,233,3 Star Hotel,243 W 55th St,"New York City, NY 10019-5202","2,063 reviews",45,"['All reviews', 'guest lounge', 'central park', 'great location', 'new york', 'times square', 'fire escape', 'brick wall', 'small hotel', 'second floor lounge', 'columbus circle', 'cupcakes', 'free coffee', ""hell's kitchen"", 'front desk staff', 'junior suite', 'lincoln center', 'king bed']"
Hilton Garden Inn New York/Midtown Park Ave,#153 of 479 Hotels in New York City,225,3 Star Hotel,45 E 33rd St,"New York City, NY 10016-5336","1,274 reviews",45,"['All reviews', 'the empire state building', 'great location', 'new york', 'attached restaurant', 'subway station', 'herald square', 'front desk staff', 'city view', 'would stay here again', 'rooms are small', 'mini fridge', 'coffee machine', 'nyc hotels', 'big apple', 'few blocks', 'central location', 'high floor']"
The Marmara Park Avenue,#151 of 479 Hotels in New York City,356,5 Star Hotel,114 E 32nd St,"New York City, NY 10016-5506",286 reviews,45,"['All reviews', 'turkish bath', 'room ipad', 'bedroom loft', 'nespresso machine', 'huge balcony', 'room service', 'indoor pool', 'new york', 'the empire state building', 'murray hill', 'star service', 'night manager', 'beautiful hotel', 'full kitchen', 'subway station', 'beautiful lobby', 'week stay']"
Fitzpatrick Manhattan Hotel,#55 of 479 Hotels in New York City,248,4 Star Hotel,687 Lexington Ave,between 56th & 57th Street,"1,478 reviews",45,"['All reviews', 'central park', 'new york', 'lexington avenue', 'presidential suite', 'home from home', 'bottle of champagne', 'our honeymoon', 'the hotel manager', 'living room', 'wonderful hotel', 'street noise', 'big apple', 'would highly recommend this hotel', 'location is great', 'two blocks', 'times square', 'subway station']"
Edge Hotel,#41 of 479 Hotels in New York City,209,3 Star Hotel,514 W 168th St,"New York City, NY 10032-4103",323 reviews,45,"['All reviews', 'washington heights', 'presbyterian hospital', 'medical center', 'front desk', 'hospital stay', 'continental breakfast', 'uptown manhattan', 'new york', 'modern boutique hotel', 'exercise room', 'hotel is spotless', 'meeting room', 'great hotel', 'european feel', 'rooms are small', 'hard boiled eggs', 'safe neighborhood']"
Best Western Premier Herald Square,#82 of 479 Hotels in New York City,194,3 Star Hotel,50 W 36th Street,"New York City, NY 10018-8029","2,122 reviews",45,"['All reviews', 'great location', 'the empire state building', 'new york', 'penn station', 'breakfast room', 'rooms are small', 'free breakfast', 'around the corner', 'bagels', 'would definitely stay here again', 'each morning', 'front desk staff', 'tea and coffee', 'midtown manhattan', 'clean hotel', 'bryant park', 'two double beds']"
YOTEL New York,#173 of 479 Hotels in New York City,134,4 Star Hotel,570 10th Avenue,(West 42nd Street),"11,854 reviews",45,"['All reviews', 'mission control', 'the galley', 'free muffins', 'times square', 'new york', 'fourth floor', 'rooms are small', 'your luggage', 'port authority', 'javits center', 'cool hotel', ""hell's kitchen"", 'tea coffee', 'hudson river', 'queen bed', 'few blocks', 'loved this hotel']"
City Club Hotel,#263 of 479 Hotels in New York City,179,4 Star Hotel,55 W 44th St,"New York City, NY 10036-6609",914 reviews,40,"['All reviews', 'petite room', 'day bed', 'queen luxe', 'duplex suite', 'times square', 'new york', 'small hotel', 'warm cookies', 'bryant park', 'every evening', 'two blocks', 'midtown location', 'bigger room', 'an upgrade', 'booked this hotel', 'queen bed', 'street noise']"
